,sources,sources_ID
0,",uw,",0
1,",ci,",1
2,",nc,",2
4,",us,iscgem,",3
5,",nn,",4
7,",us,",5
8,",mb,",6
9,",pr,",7
10,",ak,ak,",8
13,",us,pr,",9
31,",ak,us,ak,",10
33,",ak,",11
39,",ak,ak,us,",12
55,",hv,",13
96,",iscgem,us,",14
142,",uw,us,",15
163,",nm,us,",16
245,",uu,",17
250,",us,nm,",18
326,",ismpkansas,",19
613,",pr,us,",20
618,",nm,",21
786,",nc,nn,",22
998,",nc,us,",23
1120,",hv,us,",24
1339,",ak,at,us,ak,",25
1818,",us,hv,",26
2389,",us,uu,",27
2575,",us,se,",28
2605,",ci,us,",29
2708,",mb,us,",30
2736,",ak,us,",31
2775,",se,us,",32
2931,",us,at,pt,iscgem,",33
3021,",us,ld,",34
3092,",ld,us,",35
3114,",se,",36
3360,",uu,us,",37
3477,",us,uw,",38
3616,",us,pt,at,iscgem,",39
3653,",us,mb,",40
3745,",us,nn,",41
3784,",ci,nn,",42
3885,",us,nc,",43
4014,",nn,us,",44
4114,",nn,nc,us,",45
4213,",nc,nn,us,",46
4326,",nn,us,uu,",47
5010,",nn,uu,",48
5578,",nn,nc,",49
6649,",ak,at,ak,us,",50
7155,",us,at,iscgem,",51
7300,",at,us,ak,ak,",52
7323,",at,iscgem,us,",53
8215,",us,ismpkansas,",54
8234,",ismpkansas,us,",55
8268,",us,at,",56
9293,",us,us,iscgem,",57
9320,",ak,us,at,ak,",58
9632,",at,us,pt,iscgem,",59
10133,",nc,us,nn,",60
10634,",nc,nc,",61
131,",nc,uw,",62
261,",at,us,",63
834,",ld,",64
1424,",uw,at,us,",65
1426,",ci,nc,us,",66
3019,",hv,us,pt,",67
4428,",ak,at,us,iscgem,ak,",68
5355,",ak,ak,ak,us,",69
6075,",us,ak,",70
7980,",nc,ci,",71
1103,",ak,at,us,ak,iscgem,",72
1794,",nn,ci,",73
1993,",ak,ak,us,ak,",74
2423,",ak,us,us,ak,",75
4826,",ak,ak,iscgem,us,",76
5584,",pt,us,iscgem,",77
6788,",pt,us,hv,",78
7006,",nc,at,us,",79
8838,",ak,us,at,iscgem,ak,",80
150,",ak,us,iscgem,ak,",81
497,",nc,nn,nc,",82
1493,",nc,nn,ci,us,",83
3100,",us,us,",84
3123,",us,pt,",85
7309,",nc,ci,nn,",86
7340,",nn,ci,nc,us,",87
8167,",hv,hv,us,",88
8311,",nn,us,uw,",89
9442,",ak,us,at,ak,iscgem,",90
10163,",us,at,pr,",91
524,",us,pr,pt,",92
1385,",pt,us,",93
4036,",nn,nc,ci,",94
5194,",ci,nc,at,us,",95
6661,",ak,ak,at,us,ak,",96
7874,",pt,at,us,iscgem,",97
7949,",ak,ak,us,us,",98
9571,",us,ak,ak,ak,",99
9572,",ak,us,at,pt,ak,iscgem,",100
10485,",us,nn,nc,",101
11239,",us,ak,ak,",102
13364,",ak,us,ak,iscgem,",103
45,",uu,mb,",104
251,",ak,at,ak,us,ak,",105
2458,",pt,us,pr,",106
3076,",at,hv,us,",107
3265,",se,ld,us,",108
8698,",us,ci,nc,",109
8706,",nc,ci,us,",110
10651,",ak,pt,us,ak,iscgem,",111
218,",hv,pt,us,",112
5762,",pt,us,at,iscgem,",113
5999,",at,pt,us,iscgem,",114
8215,",uu,nn,us,",115
10917,",us,iscgem,uu,",116
2977,",ci,nn,us,",117
5751,",us,pt,iscgem,",118
5878,",pr,pt,us,",119
6553,",ld,se,",120
7619,",us,nc,at,nc,",121
8547,",ak,at,ak,iscgem,us,",122
9468,",ci,nn,ci,",123
12206,",us,ak,at,ak,iscgem,",124
2266,",us,uu,uu,",125
2738,",us,nc,at,iscgem,",126
3028,",ci,nc,",127
6056,",uu,us,uu,",128
6967,",ak,ak,at,us,iscgem,",129
7723,",us,uu,iscgem,",130
9603,",uu,uu,us,",131
11545,",mb,uw,us,",132
7065,",mb,uu,",133
7381,",us,ak,ak,at,pt,iscgem,",134
4420,",us,ci,",135
6130,",uw,nn,us,",136
7190,",nc,ci,nn,us,",137
9143,",us,nc,nn,",138
793,",ak,ak,at,us,",139
2915,",us,ak,iscgem,",140
4147,",nc,nn,nn,",141
4454,",mb,uw,",142
4849,",us,uw,mb,",143
